Rank,Name,Pos,proj_fpoints
1.0,Juan Soto,OF,495.032689178323
2.0,Aaron Judge,OF,478.94965085304926
3.0,Shohei Ohtani,DH/SP,508.5273443488469
4.0,Bobby Witt Jr.,SS,478.107152200397
5.0,Jose Ramirez,3B,460.0839444676205
6.0,Yordan Alvarez,OF,439.1366708051784
7.0,Mookie Betts,OF/SS,423.0586719005344
8.0,Zack Wheeler,SP,485.96838345158017
9.0,Kyle Tucker,OF,426.7827381520999
10.0,Tarik Skubal,SP,485.11060712236446
11.0,Jackson Merrill,OF,425.8435677838796
12.0,Luis Arraez,1B/2B,399.70348664374416
13.0,Alex Bregman,3B,413.4029473177544
14.0,Francisco Lindor,SS,419.5396351174492
15.0,Vladimir Guerrero Jr.,1B,406.6204439151318
16.0,Freddie Freeman,1B,406.48090170616007
17.0,Rafael Devers,3B,398.1883601920283
18.0,Chris Sale,SP,455.3915261482897
19.0,Paul Skenes,SP,454.33562839157867
20.0,Logan Gilbert,SP,454.3234068729565
21.0,Blake Snell,SP,452.2987631614885
22.0,Cole Ragans,SP,449.32067993303184
23.0,Fernando Tatis Jr.,OF,390.0018917164973
24.0,Julio Rodriguez,OF,389.5175662067184
25.0,Garrett Crochet,SP,436.2270498364872
26.0,Joe Ryan,SP,435.2033550328655
27.0,Pablo Lopez,SP,433.11696000806666
28.0,Corbin Carroll,OF,374.1643411970276
29.0,Ozzie Albies,2B,365.8931903479032
30.0,Ketel Marte,2B,365.6482137028645
31.0,Matt Olson,1B,380.03757388091447
32.0,Manny Machado,3B,371.9246994221376
33.0,Alec Bohm,3B,371.858765281349
34.0,Josh Naylor,1B,379.2833398730679
35.0,Dylan Cease,SP,428.1756122695113
36.0,Devin Williams,RP,365.3106137167069
37.0,Bailey Ober,SP,426.4441842297968
38.0,Austin Riley,3B,367.8142417927194
39.0,Corbin Burnes,SP,425.2231418417775
40.0,Pete Alonso,1B,374.30134750116326
41.0,Bryce Harper,1B,373.8326086989911
42.0,Sonny Gray,SP,421.7319644675744
43.0,Josh Hader,RP,358.8751190778405
44.0,Jose Altuve,2B,352.06847793630106
45.0,Marcus Semien,2B,351.6352706549005
46.0,Michael King,SP,417.32774441414034
47.0,Steven Kwan,OF,357.92284093350054
48.0,Bryan Reynolds,OF,356.0332049830825
49.0,Gunnar Henderson,SS,364.4346756802289
50.0,Hunter Greene,SP,412.5658928604044
51.0,Grayson Rodriguez,SP,410.85522981097023
52.0,Nico Hoerner,2B,344.2807505719311
53.0,Framber Valdez,SP,410.6342472716911
54.0,George Kirby,SP,408.2713835753543
55.0,William Contreras,C,329.0415911216913
56.0,Tanner Bibee,SP,408.0791273053351
57.0,Freddy Peralta,SP,406.8914000292903
58.0,Yandy Diaz,1B,355.874172687332
59.0,Adley Rutschman,C,326.22163207791226
60.0,Aaron Nola,SP,403.01131308605176
61.0,Corey Seager,SS,352.669033079871
62.0,Cody Bellinger,1B/OF,339.2288493456565
63.0,Spencer Schwellenbach,SP,400.84567801500106
64.0,Yoshinobu Yamamoto,SP,399.2482919230641
65.0,Michael Harris II,OF,340.4595202933108
66.0,Luis Castillo,SP,398.73509843523175
67.0,Felix Bautista,RP,335.68261521431714
68.0,Justin Steele,SP,396.62867265709673
69.0,Jackson Chourio,OF,336.71570127566645
70.0,Anthony Santander,OF,336.05326552749773
71.0,Raisel Iglesias,RP,330.054356377933
72.0,Mason Miller,RP,329.6736185431248
73.0,Reynaldo Lopez,SP,391.7366985390013
74.0,Brendan Donovan,2B/OF,319.5387363600567
75.0,Paul Goldschmidt,1B,340.2850598952068
76.0,Brandon Nimmo,OF,331.43174710496544
77.0,Ian Happ,OF,330.89164637954764
78.0,Vinnie Pasquantino,1B,338.20147963306187
79.0,Yusei Kikuchi,SP,387.5830165591764
80.0,Luis Garcia,2B/RP/RP/SP/SP,315.1451354069365
81.0,Randy Arozarena,OF,327.1198585010115
82.0,Marcell Ozuna,DH,356.17899688042866
83.0,Wyatt Langford,OF,326.24273901948214
84.0,Gerrit Cole,SP,384.66157516638674
85.0,Edwin Diaz,RP,321.82942854367553
86.0,Jared Jones,SP,383.813445538944
87.0,Trea Turner,SS,331.98414345666527
88.0,Brandon Pfaadt,SP,381.8148941626872
89.0,Ryan Helsley,RP,318.95950819785094
90.0,Emmanuel Clase,RP,318.6636663010946
91.0,Xander Bogaerts,2B/SS,309.72837782091034
92.0,Seth Lugo,SP,380.5188846123384
93.0,Bryce Miller,SP,380.3434411767841
94.0,Hunter Brown,SP,380.0320989960297
95.0,Elly De La Cruz,SS,328.80198393448273
96.0,Jhoan Duran,RP,315.897341981405
97.0,Jacob deGrom,SP,378.4341503958347
98.0,Taj Bradley,SP,378.3298412508613
99.0,Will Smith,C/RP,278.6125153882052
100.0,Andrew Vaughn,1B,326.1265557035043
101.0,CJ Abrams,SS,325.3778518562864
102.0,Shota Imanaga,SP,375.4212883821231
103.0,Ryan Pepiot,SP,373.2902452058365
104.0,Bryson Stott,2B,306.44767900466206
105.0,Robert Suarez,RP,309.8025251631108
106.0,Adolis Garcia,OF,311.4351904318745
107.0,Nathan Eovaldi,SP,369.1953925435142
108.0,Spencer Steer,1B/OF,305.23659313448377
109.0,Max Fried,SP,368.66563581467904
110.0,Logan Webb,SP,367.2013208906334
111.0,Christian Walker,1B,316.40373376958416
112.0,Lane Thomas,OF,307.721330398599
113.0,James Wood,OF,306.3148329154447
114.0,Jake Cronenworth,1B/2B,293.03295740880384
115.0,Christian Yelich,OF,305.9240580188272
116.0,Jack Flaherty,SP,364.40184431324
117.0,Mike Trout,OF,305.56777601694523
118.0,Lourdes Gurriel Jr.,OF,305.2683798675527
119.0,Riley Greene,OF,304.56678373720166
120.0,Carlos Rodon,SP,361.7506518808558
121.0,Nolan Arenado,3B,303.82593325574464
122.0,Salvador Perez,1B/C,261.20312190768334
123.0,Shane McClanahan,SP,360.066903590048
124.0,Gleyber Torres,2B,293.36796979527224
125.0,Nathaniel Lowe,1B,309.8497764545304
126.0,Jurickson Profar,OF,301.0751917773697
127.0,Seiya Suzuki,OF,300.1194398506641
128.0,Tyler Soderstrom,1B,306.03575640840086
129.0,Willson Contreras,C,275.9488413527413
130.0,Jorge Soler,OF,295.8469967165662
131.0,Mitch Keller,SP,354.0013152250708
132.0,Masyn Winn,SS,303.80975450511005
133.0,Jeff Hoffman,RP,290.6816997979364
134.0,Andres Munoz,RP,290.2679843430843
135.0,Tanner Scott,RP,290.2580770163071
136.0,Bo Bichette,SS,302.4935879101412
137.0,Dansby Swanson,SS,302.29375071459367
138.0,Isaac Paredes,3B,294.3769082390102
139.0,Ronel Blanco,SP,351.07950053742206
140.0,Taylor Ward,OF,292.0929048041675
141.0,Jazz Chisholm Jr.,3B/OF,285.96709196649925
142.0,Ryan Mountcastle,1B,298.58043458632125
143.0,Brandon Woodruff,SP,348.46131594676496
144.0,Jeff McNeil,2B/OF,276.5503642942448
145.0,MacKenzie Gore,SP,346.7992008604336
146.0,Bryan Woo,SP,346.4977594596434
147.0,Jake Burger,1B/3B,283.3230108619978
148.0,Lars Nootbaar,OF,287.4468538400255
149.0,Jordan Westburg,2B/3B,272.2712102914592
150.0,Cal Raleigh,C,264.1505199572905
151.0,Lawrence Butler,OF,284.70048284692155
152.0,Maikel Garcia,2B/3B,271.72016801520886
153.0,Jeremy Pena,SS,291.8746380400548
154.0,Griffin Jax,RP,279.10350240913954
155.0,Luis Severino,SP,341.6209369415868
156.0,Zac Gallen,SP,341.26334590967434
157.0,Sean Manaea,SP,341.0927661800965
158.0,Oneil Cruz,OF/SS,274.72073571561253
159.0,Michael Wacha,SP,338.1297124664318
160.0,Justin Martinez,RP,275.27622241785286
161.0,Heliot Ramos,OF,279.3593317121046
162.0,Jake Irvin,SP,337.4579573346184
163.0,J.P. Crawford,SS,287.2364563929119
164.0,Kodai Senga,SP,337.2421543947541
165.0,Yu Darvish,SP,336.8829134649419
166.0,Bowden Francis,SP,336.02058245881403
167.0,Junior Caminero,3B,277.94925336201766
168.0,Carlos Correa,SS,285.01043609339985
169.0,Dylan Crews,OF,275.8992887263369
170.0,Luis Gil,SP,334.0575255725708
171.0,Jonathan India,2B,266.39639335442763
172.0,Cristopher Sanchez,SP,332.6526052959416
173.0,Andres Gimenez,2B,265.88629429028146
174.0,Christopher Morel,2B/3B,260.6465514622757
175.0,Tanner Houck,SP,331.1455005688069
176.0,Erick Fedde,SP,331.13249744286514
177.0,Colt Keith,2B,264.5045173521221
178.0,Willy Adames,SS,280.24698205645456
179.0,Sandy Alcantara,SP,329.5370596677508
180.0,Ryan Pressly,RP,266.4854412623986
181.0,Chris Bassitt,SP,328.9076074234836
182.0,Ranger Suarez,SP,328.7006388442853
183.0,Robbie Ray,SP,328.5368407003085
184.0,Matt Chapman,3B,269.7662486884921
185.0,Pete Fairbanks,RP,264.2148344853213
186.0,Aroldis Chapman,RP,264.1587900861923
187.0,Luis Robert Jr.,OF,268.21835937819344
188.0,DJ Herz,SP,326.69735923207054
189.0,Luis Rengifo,2B/3B,254.4379882451314
190.0,Brady Singer,SP,325.4636753864329
191.0,Ryan Walker,RP,261.07340627045994
192.0,Brenton Doyle,OF,264.62223394623146
193.0,Andrew Benintendi,OF,264.5049129471867
194.0,Kevin Gausman,SP,321.51247929507053
195.0,Ronald Acuna Jr.,OF,262.9516135747491
196.0,Nick Castellanos,OF,262.6393844310429
197.0,Charlie Morton,SP,319.7289306238838
198.0,Andrew Heaney,SP,319.4527032992835
199.0,David Bednar,RP,256.4987572266757
200.0,Jose Berrios,SP,318.34093467897674
201.0,Carlos Estevez,RP,254.96253841103453
202.0,Kirby Yates,RP,254.6555476185993
203.0,Jarren Duran,OF,258.3246690872109
204.0,Kyle Schwarber,DH,288.04830324116995
205.0,Ke'Bryan Hayes,3B,259.0649721997801
206.0,Jordan Walker,OF,257.562509817834
207.0,Max Muncy,3B/SS,253.02142723312056
208.0,Kutter Crawford,SP,315.37051664114057
209.0,Josh Lowe,OF,256.2978832248049
210.0,Michael Conforto,OF,256.15452366426086
211.0,Nick Lodolo,SP,314.6481125322103
212.0,Tommy Edman,OF,255.56707135529743
213.0,Jeffrey Springs,SP,313.9315762455837
214.0,Jameson Taillon,SP,313.55490983531104
215.0,Carlos Santana,1B,262.0049379677828
216.0,Joey Ortiz,3B,254.12209378214988
217.0,Kenley Jansen,RP,248.4531302882147
218.0,Matthew Boyd,SP,310.4450607590065
219.0,Spencer Arrighetti,SP,310.1106179629238
220.0,Trevor Megill,RP,246.9597615272927
221.0,Zach Eflin,SP,309.4813998714268
222.0,Jung Hoo Lee,OF,250.7218741659792
223.0,Tyler Glasnow,SP,308.19426689704846
224.0,Triston Casas,1B,258.176794240458
225.0,Alexis Diaz,RP,245.24537733988905
226.0,Brandon Lowe,2B,240.92644479234667
227.0,Brayan Bello,SP,306.8013106540824
228.0,Yimi Garcia,RP,244.03530819542016
229.0,Brice Turang,2B,240.20178664194776
230.0,Justin Turner,1B,256.69809361257023
231.0,Thairo Estrada,2B,240.14234803356132
232.0,J.T. Realmuto,C,227.09062331782124
233.0,Luis Campusano,C,226.9626763552596
234.0,Colton Cowser,OF,247.1323550646099
235.0,Jeremiah Estrada,RP,242.6727529486848
236.0,Jesus Luzardo,SP,304.28354065475395
237.0,Jorge Polanco,2B,237.67629559948807
238.0,Nolan Schanuel,1B,253.1375439264557
239.0,Pete Crow-Armstrong,OF,244.3874773365856
240.0,Jason Adam,RP,239.66513953192333
241.0,Cade Smith,RP,239.60026247385173
242.0,Mark Vientos,3B,244.4738695965753
243.0,Gavin Williams,SP,301.44999562550646
244.0,Dedniel Nunez,RP,238.73988903311536
245.0,Spencer Strider,SP,301.0108587386603
246.0,Reed Garrett,RP,238.3174046253843
247.0,Alex Verdugo,OF,242.186276142798
248.0,Edwin Uceta,RP,237.7227522095287
249.0,Ryan Feltner,SP,300.2124144501834
250.0,Jonah Heim,C,219.40492358096597
251.0,Luke Weaver,RP,235.58607414055453
252.0,Reese Olson,SP,297.9821842621118
253.0,Drew Rasmussen,SP,297.7263876730037
254.0,Ezequiel Tovar,SS,246.9967163380174
255.0,Nolan Jones,OF,238.52572241197095
256.0,Yainer Diaz,C,217.4705729392448
257.0,Byron Buxton,OF,236.74859485386855
258.0,Dean Kremer,SP,294.87559663959627
259.0,Merrill Kelly,SP,293.3196234802159
260.0,Lucas Erceg,RP,230.1406695129081
261.0,Miles Mikolas,SP,292.49714722246
262.0,Calvin Faucher,RP,229.5648060688005
263.0,Jason Foley,RP,229.0772455857997
264.0,Max Kepler,OF,232.6461774616608
265.0,Tommy Pham,OF,232.113203088645
266.0,Tony Santillan,RP,227.50417014278747
267.0,Shane Baz,SP,289.4993458521844
268.0,Ha-Seong Kim,SS,239.22933976176307
269.0,JP Sears,SP,289.12289220316484
270.0,Frankie Montas,SP,288.9500108724752
271.0,Keibert Ruiz,C,209.2366876516257
272.0,JJ Bleday,OF,229.68586032259577
273.0,Matt McLain,2B/SS,216.46829942271592
274.0,Sean Burke,SP,287.39751131651195
275.0,David Peterson,SP,286.841537061256
276.0,Clarke Schmidt,SP,286.5625851825275
277.0,Kerry Carpenter,OF,227.4676534631288
278.0,Kyle Harrison,SP,283.36461360676657
279.0,Royce Lewis,3B,224.9830154533096
280.0,Kris Bubic,SP,282.6098196494629
281.0,Bryan Abreu,RP,219.67512685477533
282.0,Ryan Weathers,SP,281.9360694538682
283.0,A.J. Puk,RP,218.8981496178405
284.0,Mitchell Parker,SP,280.86674405145027
285.0,Jeimer Candelario,1B/3B,218.1721770921848
286.0,Andrew Nardi,RP,218.1279531867524
287.0,Alex Vesia,RP,217.5551235778961
288.0,Alejandro Kirk,C,200.75540983284137
289.0,David Robertson,RP,217.00291964385184
290.0,Gabriel Moreno,C,200.4417052608985
291.0,Mark Leiter Jr.,RP,216.540567424345
292.0,Josh Bell,1B,229.2468473277256
293.0,Zack Gelof,2B,212.2661860451538
294.0,Andrew Abbott,SP,277.9861967067434
295.0,Jose Soriano,SP,277.82798454686935
296.0,Orlando Arcia,SS,227.7220842276345
297.0,Teoscar Hernandez,OF,219.0304434872673
298.0,Liam Hendriks,RP,214.15505825195257
299.0,Francisco Alvarez,C,197.65861116216797
300.0,Kyle Finnegan,RP,213.32416217921244
301.0,Jose Leclerc,RP,212.75581054832907
302.0,Alec Burleson,OF,216.6346238210957
303.0,Tyler Anderson,SP,274.94232333927664
304.0,Patrick Bailey,C,195.67160222288035
305.0,Brock Stewart,RP,210.4596214302176
306.0,Ryan McMahon,3B,213.1353323112588
307.0,Dylan Lee,RP,208.05415848151503
308.0,Michael Busch,1B,220.58729137540573
309.0,Austin Wells,C,191.1750126987518
310.0,Fernando Cruz,RP,207.5589768216475
311.0,Jesus Sanchez,OF,211.3014022522325
312.0,Michael Massey,2B,201.9508219577263
313.0,Evan Carter,OF,209.7082106534726
314.0,Tyler Ferguson,RP,205.40955141216853
315.0,Aaron Civale,SP,267.91079890844867
316.0,Tyler Mahle,SP,267.4409323227736
317.0,Sean Murphy,C,188.13014403137316
318.0,Xavier Edwards,SS,217.0803575926667
319.0,German Marquez,SP,266.5701768834196
320.0,Eugenio Suarez,3B,208.5744241540756
321.0,Nick Gonzales,2B,199.6734541336336
322.0,Chas McCormick,OF,207.18618871753472
323.0,Angel Perdomo,RP,202.6761687567614
324.0,Otto Lopez,2B,198.72613789666755
325.0,Emilio Pagan,RP,202.2668955177097
326.0,Cole Sands,RP,201.7839142853757
327.0,Josh Jung,3B,206.3166939408244
328.0,Porter Hodge,RP,201.12055405077413
329.0,Anthony Volpe,SS,212.666455701372
330.0,Tyler Stephenson,C,183.4607840182998
331.0,J.D. Martinez,DH,233.4249738601933
332.0,Nick Martinez,SP,262.05103970957964
333.0,Chris Martin,RP,199.11315234932496
334.0,Jorge Alcala,RP,197.7039578037331
335.0,Wilyer Abreu,OF,201.54236012323975
336.0,Logan O'Hoppe,C,180.8369960298268
337.0,Hunter Harvey,RP,196.9206812001765
338.0,Matt Vierling,3B/OF,195.70353635926676
339.0,Trevor Larnach,OF,200.30392823681947
340.0,Isiah Kiner-Falefa,2B/3B/SS,187.34453364198936
341.0,Jacob Webb,RP,195.4636142917428
342.0,Ben Joyce,RP,195.1183004373196
343.0,Ty France,1B,207.1580689632402
344.0,Joc Pederson,DH,228.3019583593196
345.0,Grant Holmes,SP,256.9853152653427
346.0,Danny Jansen,C,177.8744557954775
347.0,Reid Detmers,SP,256.8317321010223
348.0,Robert Garcia,RP,194.1640470215188
349.0,Alec Marsh,SP,256.4094197772799
350.0,Jasson Dominguez,OF,197.5537858191942
351.0,Adrian Morejon,RP,193.09190202083747
352.0,Joel Payamps,RP,193.00544433984385
353.0,Tobias Myers,SP,254.78714273882977
354.0,Troy Taylor,RP,192.06870239162583
355.0,Seranthony Dominguez,RP,191.9430743566517
356.0,Kaleb Ort,RP,191.77994720102265
357.0,Keegan Akin,RP,191.1839996159552
358.0,Justin Verlander,SP,253.70398470723808
359.0,Yennier Cano,RP,190.70948982559423
360.0,Parker Meadows,OF,194.8196607585194
361.0,Jordan Romano,RP,190.287323073108
362.0,Willi Castro,2B/3B/OF/SS,181.4069659239094
363.0,Anthony Bender,RP,189.79258163894264
364.0,Jake Cousins,RP,189.7775492846378
365.0,Derek Law,RP,189.42379692922296
366.0,Shea Langeliers,C,172.92923124496056
367.0,Michael Fulmer,RP,188.6862168615129
368.0,Hunter Gaddis,RP,188.3534611600992
369.0,Tyler Kinley,RP,188.20660804500068
370.0,Jesus Tinoco,RP,187.9695429084344
371.0,Tyler Holton,RP,187.6613736102612
372.0,Gavin Lux,2B,183.79390815403
373.0,Ryan O'Hearn,1B/OF,186.6125565961945
374.0,Jon Gray,SP,249.7956186336973
375.0,Rhys Hoskins,1B,199.84484485050345
376.0,Robert Stephenson,RP,186.9812667070011
377.0,Max Scherzer,SP,249.5034687813933
378.0,Nate Pearson,RP,186.81082565183632
379.0,Brooks Lee,SS,199.3597171127784
380.0,Nick Pivetta,SP,249.2833364219645
381.0,Simeon Woods Richardson,SP,249.16361451781265
382.0,Will Vest,RP,186.2695515058917
383.0,Hector Neris,RP,185.8383837714002
384.0,Jackson Holliday,2B,181.6531171733506
385.0,Connor Norby,3B,190.4117060397326
386.0,Austin Hays,OF,189.31219732980185
387.0,Paul Sewald,RP,185.0639953186787
388.0,Jose Miranda,3B,189.80651792985148
389.0,Trent Thornton,RP,184.67735219841165
390.0,Ivan Herrera,C,167.54612206181326
391.0,Lenyn Sosa,2B/3B,175.07605989442436
392.0,Mike Yastrzemski,OF,187.8780744685969
393.0,Kevin Ginkel,RP,183.63963055274056
394.0,Andrew McCutchen,DH,216.9058336697772
395.0,Matt Strahm,RP,182.7680341796539
396.0,Jacob Young,OF,186.76466694725437
397.0,Camilo Doval,RP,182.6131075214232
398.0,Jorge Lopez,RP,182.3655248665426
399.0,Kyle Isbel,OF,186.30096375768247
400.0,Jimmy Herget,RP,181.3160848451006
401.0,Zach Neto,SS,193.70994597029824
402.0,Aaron Bummer,RP,180.8921116876089
403.0,Casey Mize,SP,242.7108355764666
404.0,Bryan Baker,RP,179.9212762943908
405.0,Anthony Banda,RP,179.79967618957673
406.0,Prelander Berroa,RP,179.71726527075091
407.0,Wenceel Perez,OF,183.72888597193617
408.0,Edward Cabrera,SP,241.2415961270532
409.0,Jeff Criswell,RP,178.53963495776438
410.0,Starling Marte,OF,182.6312501668554
411.0,Jared Koenig,RP,178.23900609016152
412.0,Jonathan Cannon,SP,240.855562344218
413.0,Tyson Miller,RP,177.81708263078846
414.0,Blake Treinen,RP,177.62669119491636
415.0,Alek Jacob,RP,177.56642275100538
416.0,Richie Palacios,2B/OF,168.54270753645164
417.0,Matt Wallner,OF,181.2537640848409
418.0,Dennis Santana,RP,176.95075737476367
419.0,Eduard Bazardo,RP,176.32796893309586
420.0,Craig Kimbrel,RP,176.0557925334235
421.0,Anthony Rizzo,1B,188.31952028953083
422.0,Leody Taveras,OF,179.50065886708106
423.0,Erik Miller,RP,175.2525444332979
424.0,Brayan Rocchio,SS,187.763152489647
425.0,Cody Bradford,SP,237.7063673586385
426.0,Zack Littell,SP,237.64237742867803
427.0,Ryan Jeffers,C,157.94708585600128
428.0,Ernie Clement,3B/SS,173.61066888722075
429.0,Orion Kerkering,RP,173.3122141390352
430.0,Kumar Rocker,SP,235.9389929248049
431.0,Walker Buehler,SP,235.81347041696608
432.0,Michel Otanez,RP,173.14624443103745
433.0,Colin Rea,SP,235.77416934626007
434.0,DJ LeMahieu,1B/3B,171.61253982675694
435.0,Brock Burke,RP,171.37408300790506
436.0,Collin Snider,RP,171.11321751298536
437.0,Tanner Banks,RP,170.89096979413523
438.0,Victor Vodnik,RP,170.6764038336253
439.0,JoJo Romero,RP,170.4797174530081
440.0,Jose A. Ferrer,RP,170.2520917708293
441.0,Beau Brieske,RP,169.8947847291564
442.0,Austin Gomber,SP,232.400331637798
443.0,Hunter Goodman,C/OF,132.73029543250186
444.0,Angel Chivilli,RP,169.11057415415513
445.0,Spencer Horwitz,1B/2B,160.3045535817666
446.0,Hans Crouse,RP,168.42184141183156
447.0,Randy Rodriguez,RP,167.8767053474894
448.0,Sam Moll,RP,167.82363459202122
449.0,Nick Mears,RP,167.77155273293482
450.0,Mitch Garver,C,151.10589396947114
451.0,Tyler O'Neill,OF,171.41696339263447
452.0,Chad Green,RP,167.0202327315263
453.0,Jose Butto,RP,166.70829793762837
454.0,Andrew Kittredge,RP,166.48168849974772
455.0,Sam Long,RP,166.4513324910114
456.0,Hunter Renfroe,OF,170.1842873014258
457.0,Sal Frelick,OF,169.63428606412327
458.0,Jake McCarthy,OF,169.6269613782565
459.0,Trevor Williams,SP,228.10480381459632
460.0,Jake Fraley,OF,169.56740675983505
461.0,Miguel Vargas,3B/OF,164.2824610742028
462.0,Daulton Varsho,OF,168.97437235845297
463.0,Pierce Johnson,RP,164.37942632314338
464.0,Erik Swanson,RP,164.21611175211245
465.0,Jordan Hicks,SP,226.68684509964052
466.0,Kyle Freeland,SP,226.59392275567035
467.0,Wilmer Flores,1B,176.65158759842095
468.0,Victor Scott II,OF,167.98365305708916
469.0,Spencer Turnbull,SP,226.0508973793128
470.0,Whit Merrifield,2B/OF,154.49829714824523
471.0,Geraldo Perdomo,SS,175.68630328135026
472.0,Michael Toglia,1B,175.63582005587898
473.0,Mark Canha,1B/OF,161.53994126508482
474.0,Joey Estes,SP,225.0253010833653
475.0,Aaron Ashby,SP,224.99595333934795
476.0,Bo Naylor,C,145.8073908932449
477.0,Justin Slaten,RP,161.95437861297842
478.0,Tayler Scott,RP,161.79918032665535
479.0,Ben Lively,SP,224.44193182692223
480.0,Victor Robles,OF,165.42798849802335
481.0,Yuki Matsui,RP,161.12936680151313
482.0,David Festa,SP,223.7749573360412
483.0,Matt Brash,RP,160.8398417108334
484.0,Nick Sandlin,RP,160.81738535467164
485.0,Joe Mantiply,RP,160.56963609359846
486.0,A.J. Minter,RP,159.99395210420252
487.0,Kyle Manzardo,DH,193.74082759447452
488.0,Lucas Giolito,SP,222.38793786339508
489.0,Daysbel Hernandez,RP,159.59396579422318
490.0,John Schreiber,RP,159.51792064942816
491.0,Miguel Andujar,OF,163.61706902314333
492.0,Keegan Thompson,RP,158.6937121731047
493.0,Ian Hamilton,RP,158.36669001500346
494.0,Scott Barlow,RP,157.64842981346072
495.0,Mauricio Dubon,1B/2B/OF,148.7247618767975
496.0,Davis Martin,SP,220.07758180689487
497.0,Kevin Kelly,RP,157.19569595289286
498.0,Carmen Mlodzinski,RP,157.03736945779374
499.0,Michael McGreevy,RP,156.95329586535246
500.0,Masataka Yoshida,DH,190.64795353193608
501.0,Ryne Stanek,RP,156.35960879333732
502.0,Lucas Sims,RP,156.0116526986153
503.0,Kyle Gibson,SP,218.62005544725733
504.0,Jonny DeLuca,OF,159.91033272831368
505.0,Garrett Cleavinger,RP,155.4023917916113
506.0,Gus Varland,RP,154.45766049520864
507.0,Gabe Speier,RP,154.42412607441457
508.0,Jose Quijada,RP,153.88623823590717
509.0,Jose Ruiz,RP,153.58798912577754
510.0,DL Hall,SP,215.92736481157857
511.0,Colin Holderman,RP,153.03149474976772
512.0,Miguel Amaya,C,136.49086444559902
513.0,Michael Lorenzen,SP,215.38494782093383
514.0,Justin Wilson,RP,152.5601646188617
515.0,Kyle Stowers,OF,156.60303637952913
516.0,Anthony Veneziano,RP,152.2580886067215
517.0,Gregory Soto,RP,152.00724185808485
518.0,Christian Encarnacion-Strand,1B,164.691940675105
519.0,Matthew Liberatore,RP,151.7555244448354
520.0,Brandon Marsh,OF,155.8924353913154
521.0,Buck Farmer,RP,151.57074061604226
522.0,Yosver Zulueta,RP,151.55904238574928
523.0,Clay Holmes,SP,213.399389683811
524.0,Jhonkensy Noel,OF,154.8579895081641
525.0,Lance Lynn,SP,213.2459228475996
526.0,Scott Effross,RP,150.56095174292048
527.0,David Fry,1B/C/OF,114.03405612420956
528.0,Griffin Conine,OF,154.22852993086997
529.0,Manuel Rodriguez,RP,149.9825824394567
530.0,Javier Assad,SP,212.2196675608363
531.0,Jack Leiter,SP,211.63395424820905
532.0,Eli Morgan,RP,148.96846590326084
533.0,Jacob Latz,RP,148.89866661175012
534.0,Danny Coulombe,RP,148.55311631850654
535.0,Kody Funderburk,RP,148.04489001716888
536.0,Paul Blackburn,SP,210.64010726826177
537.0,Joey Cantillo,SP,210.46227313202724
538.0,Osvaldo Bido,SP,210.3504120859952
539.0,Taylor Rogers,RP,147.39550187152932
540.0,Yoan Moncada,3B,152.24159993665953
541.0,Alex Faedo,RP,146.98065746320736
542.0,Bryan Hudson,RP,146.95652013616117
543.0,Tim Herrin,RP,146.93633056389615
544.0,Jo Adell,OF,150.81995910393348
545.0,Mitch Haniger,OF,150.7728408282908
546.0,Greg Weissert,RP,146.38311496513813
547.0,Chris Paddack,SP,208.9387830544228
548.0,Tyler Fitzgerald,SS,158.80335809182634
549.0,Shelby Miller,RP,146.08114187422768
550.0,Jake Meyers,OF,149.63422203863746
551.0,Ryan Zeferjahn,RP,145.4273626096644
552.0,Nick Robertson,RP,145.33578401863912
553.0,Ryne Nelson,SP,207.4589923615804
554.0,Angel Zerpa,RP,144.22345293578337
555.0,Ceddanne Rafaela,OF/SS,143.27440814868737
556.0,Evan Phillips,RP,143.5441124264758
557.0,LaMonte Wade Jr.,1B,155.6645729042801
558.0,Dane Dunning,RP,142.79458589249697
559.0,Connor Wong,C,126.33709251557563
560.0,Sean Reid-Foley,RP,142.58814661014227
561.0,Jose Alvarado,RP,142.56601827691324
562.0,Adam Ottavino,RP,141.99935233754073
563.0,Hayden Wesneski,SP,204.59025336717303
564.0,Gregory Santos,RP,141.90968540635726
565.0,Jonah Bride,1B,154.54048059543032
566.0,Joey Wentz,RP,141.80984519973282
567.0,Louie Varland,RP,141.54704128627964
568.0,Michael Soroka,SP,203.9841727732355
569.0,Landon Knack,RP,141.19498750955918
570.0,Jesse Winker,OF,144.8706566523206
571.0,Oswaldo Cabrera,3B,145.49947428459106
572.0,Ben Brown,SP,203.02458222336705
573.0,Amed Rosario,2B/OF,131.36982855899282
574.0,Tayler Saucedo,RP,139.98649840839585
575.0,Yariel Rodriguez,SP,202.59029678227444
576.0,Eduardo Rodriguez,SP,202.5814180723549
577.0,Shawn Dubin,RP,139.31455597439947
578.0,Jose Quintana,SP,201.87681239239456
579.0,Mike Tauchman,OF,142.97018609581656
580.0,Travis d'Arnaud,C,122.36380862494966
581.0,Grant Holman,RP,138.71795625823017
582.0,Ryan Thompson,RP,138.4797206715163
583.0,Justin Topa,RP,138.45354942268614
584.0,Fraser Ellard,RP,137.990636554684
585.0,Brant Hurter,RP,137.79857266935198
586.0,Hunter Bigge,RP,137.73002998039362
587.0,JT Brubaker,RP,137.71407546133855
588.0,Johan Oviedo,SP,199.98390807715992
589.0,Spencer Torkelson,1B,150.01040669087757
590.0,Albert Suarez,RP,137.15296982803642
591.0,Will Wagner,2B,133.15346073997938
592.0,Dylan Floro,RP,136.8587005246552
593.0,Bryan Hoeing,RP,136.7946991813427
594.0,Danny Young,RP,136.73681947445635
595.0,Ryan Burr,RP,136.62222434915267
596.0,Kyle Leahy,RP,135.7045155085134
597.0,Caleb Ferguson,RP,135.70103670986538
598.0,Jakob Junis,SP,198.26746112774035
599.0,Gio Urshela,1B/3B,135.55756936444158
600.0,Ryan Fernandez,RP,135.2637503521167
601.0,Kyle Wright,SP,197.17925397470995
602.0,Will Warren,RP,134.13635239881845
603.0,Jose Tena,3B,138.64206116289716
604.0,Brandon Drury,2B,129.71804453868774
605.0,Carson Spiers,RP,133.26121788131442
606.0,Trevor Stephan,RP,133.1517566589102
607.0,Pavin Smith,OF,137.16963665302288
608.0,Michael Kopech,RP,133.00195177034612
609.0,John King,RP,132.5551626551521
610.0,Jose Suarez,RP,132.51753522706576
611.0,Eury Perez,SP,195.1634605988398
612.0,Kenta Maeda,RP,131.70309572811036
613.0,Andrew Chafin,RP,131.4375382776975
614.0,Hogan Harris,RP,131.4264670024541
615.0,Mitch Spence,SP,193.72608834670007
616.0,Mason Thompson,RP,131.01584808909826
617.0,Endy Rodriguez,C,114.30866568371565
618.0,Josh Winckowski,RP,130.13846808158212
619.0,Bryan King,RP,129.8181833264902
620.0,Jake Bird,RP,129.69615656679878
621.0,Chris Stratton,RP,129.63280629932277
622.0,Alek Thomas,OF,133.7340194098339
623.0,Eduardo Salazar,RP,129.5729298145123
624.0,Spencer Bivens,RP,129.51163361994202
625.0,Brennan Bernardino,RP,129.33499229645764
626.0,Johan Rojas,OF,133.41424269171318
627.0,Declan Cronin,RP,129.19986347940633
628.0,Matt Moore,RP,129.12509022968322
629.0,Joey Bart,C,112.67639633478842
630.0,Trey Sweeney,SS,141.47212825600468
631.0,Nolan Gorman,2B,124.69130149995291
632.0,James McArthur,RP,128.12858041402905
633.0,Sean Guenther,RP,127.6148359763175
634.0,Tyrone Taylor,OF,131.70111614261612
635.0,Steven Matz,SP,190.15929013026445
636.0,Brendan Rodgers,2B,123.64662325127384
637.0,Kendall Graveman,RP,127.12223416296456
638.0,Darell Hernaiz,3B,131.905419312256
639.0,Cole Sulser,RP,126.87824233275327
640.0,Luke Raley,1B/OF,125.921561408863
641.0,Jacob Waguespack,RP,126.49414703355694
642.0,Thomas Saggese,2B,122.39414453740687
643.0,Nick Fortes,C,108.81684884847516
644.0,Luke Little,RP,125.24458363782072
645.0,John Brebbia,RP,124.88935191286104
646.0,Xzavion Curry,RP,124.84898289462778
647.0,Joe Kelly,RP,124.69489941373544
648.0,Randy Vasquez,SP,187.2067772464752
649.0,Jordan Beck,OF,128.5072588573287
650.0,Cionel Perez,RP,123.76804297971752
651.0,Garrett Whitlock,RP,123.74078949213973
652.0,Jalen Beeks,RP,123.70594151904946
653.0,Jerar Encarnacion,OF,127.48449294713888
654.0,Kyle Nicolas,RP,123.2749441366799
655.0,Dauri Moreta,RP,122.85478468050444
656.0,JT Chargois,RP,122.72877739327852
657.0,Zack Kelly,RP,122.6111231904492
658.0,Josh Rojas,3B,127.57537839064386
659.0,Brenan Hanifee,RP,122.425921673973
660.0,Jake Rogers,C,105.91247864339664
661.0,Dillon Dingler,C,105.78264798871676
662.0,Julian Merryweather,RP,121.96879872602752
663.0,Max Meyer,SP,184.49848171763023
664.0,George Soriano,RP,121.78111929618176
665.0,Korey Lee,C,105.32732666816716
666.0,T.J. McFarland,RP,121.53294517587396
667.0,Caleb Thielbar,RP,120.9324200051806
668.0,Tyler Rogers,RP,120.8290705582924
669.0,Joshua Palacios,OF,124.639579569078
670.0,Jonathan Aranda,1B,132.8664943714768
671.0,Heston Kjerstad,OF,124.0674136064984
672.0,Will Brennan,OF,123.85939939785972
673.0,Martin Perez,SP,182.3124682329091
674.0,Huascar Brazoban,RP,119.64068369882244
675.0,Shawn Armstrong,RP,119.41502301052287
676.0,Jesse Chavez,RP,119.35612431374182
677.0,Cal Quantrill,SP,181.6756673071476
678.0,Zack Thompson,RP,118.92070256255629
679.0,Wandy Peralta,RP,118.86170200911634
680.0,Elvis Peguero,RP,118.7324425538356
681.0,Dustin May,SP,181.29780395192736
682.0,Jordan Leasure,RP,118.5813115021042
683.0,Hayden Birdsong,SP,180.99468421808663
684.0,Seth Martinez,RP,118.30003474407602
685.0,Brent Suter,RP,118.15185443569683
686.0,Brady Basso,RP,117.8885069161062
687.0,Tony Gonsolin,SP,180.3549449081085
688.0,Tanner Rainey,RP,117.70183997278748
689.0,Colin Poche,RP,117.65312610018042
690.0,Sean Hjelle,RP,117.21418211539198
691.0,Ryan Brasier,RP,117.18960205382004
692.0,Dylan Moore,2B/3B/OF/SS,108.24983130129932
693.0,Ron Marinaccio,RP,116.57968662735333
694.0,Michael Tonkin,RP,116.5487038340393
695.0,Randal Grichuk,OF,120.4702632352628
696.0,Chase Silseth,RP,115.75405067295878
697.0,Kyle Hendricks,SP,178.007412852212
698.0,Jonathan Loaisiga,RP,115.35713148731294
699.0,Joe Boyle,RP,115.13309974332238
700.0,Trevor Story,SS,127.56247706531992
701.0,Marcus Stroman,SP,177.5170235937943
702.0,Enrique Hernandez,3B/OF,113.89637964200205
703.0,Giancarlo Stanton,DH,148.54860289932094
704.0,Trevor Richards,RP,114.61775976542428
705.0,Tommy Kahnle,RP,114.6097239756442
706.0,Jared Shuster,RP,114.28314644668616
707.0,Luis Matos,OF,118.21727938497216
708.0,Lucas Gilbreath,RP,113.74638170436609
709.0,Jose Siri,OF,117.54299289809975
710.0,Victor Caratini,C,96.688184560341
711.0,Hoby Milner,RP,112.20709250683382
712.0,Casey Legumina,RP,112.08405402767404
713.0,Davis Schneider,2B/OF,103.29134040564188
714.0,Pedro Pages,C,95.4249098318464
715.0,Austin Adams,RP,111.790364402467
716.0,J.T. Ginn,SP,174.42218204122855
717.0,Freddy Fermin,C,94.84196924815078
718.0,Rhett Lowder,SP,173.87779526083614
719.0,Justin Anderson,RP,111.06464886517422
720.0,Shane Bieber,SP,172.86310155948
721.0,Giovanny Gallegos,RP,110.0589202214364
722.0,Carson Kelly,C,92.83522586567584
723.0,Seth Brown,1B/OF,108.19162940942437
724.0,Sawyer Gipson-Long,SP,171.46553375125907
725.0,Garrett Mitchell,OF,112.79515957095435
726.0,Mickey Moniak,OF,112.44556497885836
727.0,Jose Abreu,1B,120.76406401061024
728.0,Bailey Falter,SP,170.09852134849822
729.0,Miguel Castro,RP,107.42982219339542
730.0,Manuel Margot,OF,111.51925289674736
731.0,Andre Pallante,SP,168.74499575278764
732.0,Cody Bolton,RP,105.91490242449436
733.0,Jose Iglesias,2B/3B,96.30806043998452
734.0,Blake Perkins,OF,108.88778172258009
735.0,Griffin Canning,SP,167.38265067393598
736.0,Yasmani Grandal,C,87.91615851984679
737.0,Taylor Trammell,OF,108.37600698294568
738.0,Drey Jameson,RP,104.22404318605876
739.0,Jose Caballero,2B/3B/SS,95.2101047659654
740.0,Steven Wilson,RP,103.99705594136012
741.0,Andy Pages,OF,108.11422316871224
742.0,Kevin Newman,2B/SS,94.8291721356366
743.0,Lance McCullers Jr.,SP,166.08281808300688
744.0,Dane Myers,OF,107.35733459941054
745.0,Carlos Hernandez,RP,102.94294142358092
746.0,Jordan Wicks,SP,165.16277647258585
747.0,Tyler Phillips,RP,102.29643380571927
748.0,Ty Madden,RP,101.9086395938363
749.0,Jake Diekman,RP,101.75554445462626
750.0,Christian Vazquez,C,85.12559835856787
751.0,Anthony DeSclafani,SP,163.91831147230232
752.0,Gary Sanchez,C,84.76909676046537
753.0,Hunter Strickland,RP,101.0967019262892
754.0,Bryce Jarvis,RP,100.84704448218704
755.0,Harrison Bader,OF,104.94943203709396
756.0,Eloy Jimenez,DH,134.5951770942187
757.0,Jhony Brito,RP,100.02723958543709
758.0,Drew Smyly,RP,99.87680940852847
759.0,Brendon Little,RP,99.74375299456408
760.0,Brooks Raley,RP,99.62692667637845
761.0,Daniel Lynch IV,RP,99.56730271458724
762.0,Chris Roycroft,RP,99.1213696363832
763.0,Elias Diaz,C,82.67889290815869
764.0,Addison Barger,3B/OF,98.225855000851
765.0,Ben Rortvedt,C,82.42078150258156
766.0,Quinn Priester,RP,98.18687147770108
767.0,Josh Sborz,RP,97.9354285101343
768.0,Ian Anderson,SP,160.47229222226753
769.0,Slade Cecconi,RP,97.70417273554852
770.0,Daniel Palencia,RP,97.56563566776948
771.0,Joely Rodriguez,RP,97.25007868298796
772.0,Kyle Higashioka,C,80.71375228627763
773.0,Yilber Diaz,RP,96.9682699306581
774.0,Jack Kochanowicz,SP,159.44407953296476
775.0,Tom Murphy,C,80.31135199621556
776.0,Nelson Velazquez,OF,100.72846356293944
777.0,Luis Torrens,C,80.12785084354375
778.0,Lou Trivino,RP,96.52803882782688
779.0,Oswald Peraza,3B,101.49316506044762
780.0,Bryan De La Cruz,OF,100.44549239675112
781.0,Jordan Montgomery,SP,158.8112195117677
782.0,Alex Lange,RP,96.13751464983837
783.0,Zebby Matthews,SP,158.77486626902066
784.0,Tylor Megill,SP,158.67147933580023
785.0,Kris Bryant,DH,129.79883224778936
786.0,Tristan Beck,RP,95.88785844061034
787.0,Tyler Heineman,C,79.35066861234381
788.0,Stephen Kolek,RP,95.53061595497437
789.0,Ryan Yarbrough,RP,94.85857484995938
790.0,Jackson Rutledge,RP,94.80654060507209
791.0,Alex Wood,SP,156.97151875880715
792.0,Mason Englert,RP,94.16831607522322
793.0,Abner Uribe,RP,94.11216299105897
794.0,Genesis Cabrera,RP,94.06311999361608
795.0,Justin Lawrence,RP,93.99443781451264
796.0,Peter Strzelecki,RP,93.48828719602255
797.0,Kyle Farmer,2B/3B,84.2656124841623
798.0,Max Lazar,RP,92.53027466533172
799.0,Max Schuemann,3B/SS,92.45078746114407
800.0,Drew Smith,RP,92.42076307898108
801.0,Jon Berti,3B/SS,91.9265362495635
802.0,Blake Walston,RP,91.59653031737294
803.0,Nick Loftin,2B,87.67726615360881
804.0,Adam Frazier,2B/OF,82.6116751295734
805.0,Ben Gamel,OF,95.36467788858384
806.0,Penn Murfee,RP,91.0274427894603
807.0,Edouard Julien,2B,86.92151045274508
808.0,Michael Grove,RP,90.46911248469088
809.0,Luke Jackson,RP,90.2786444925031
810.0,Tommy Nance,RP,89.55759349199796
811.0,Connor Joe,1B/OF,88.06332602973802
812.0,James McCann,C,71.87438562099354
813.0,Ross Stripling,SP,150.88290509342536
814.0,Rowdy Tellez,1B,100.37781563037916
815.0,Rafael Marchan,C,70.84144768281432
816.0,Adam Duvall,OF,91.17244017704876
817.0,James Karinchak,RP,86.7168500093499
818.0,Chris Taylor,2B/3B/OF,77.52140708419387
819.0,Zach Pop,RP,85.99364465425538
820.0,Adrian Del Castillo,C,69.38038259938378
821.0,Jose Trevino,C,69.00474069140589
822.0,Jace Jung,3B,90.29078229788408
823.0,Sam Bachman,RP,85.2386036763116
824.0,Tim Hill,RP,84.52737049391962
825.0,Kevin Herget,RP,83.88474483268175
826.0,Christian Bethancourt,C,67.18095538125904
827.0,Chris Flexen,SP,146.00078571459326
828.0,Jason Heyward,OF,87.19051878043689
829.0,Sam Hilliard,OF,86.72114117907348
830.0,Ramon Urias,3B,86.96441686203518
831.0,Tanner Gordon,RP,81.52899119149261
832.0,Joe Jimenez,RP,81.26819767387776
833.0,Jacob Barnes,RP,81.1392223118858
834.0,Jose Cisnero,RP,80.75169429262758
835.0,Miguel Rojas,SS,92.83293926156078
836.0,David Peralta,OF,84.36062579893601
837.0,Dylan Dodd,RP,80.01487013364347
838.0,Santiago Espinal,2B/3B,69.99434951361145
839.0,Tyler Alexander,SP,141.41228555262302
840.0,Yerry De Los Santos,RP,78.75307623820827
841.0,Walter Pennington,RP,78.51310757723506
842.0,Steven Cruz,RP,78.29810125399997
843.0,Robbie Grossman,OF,82.0894580275168
844.0,Eddie Rosario,OF,81.60404431492299
845.0,Brett Wisely,2B/SS,68.66097489858268
846.0,Jorge Mateo,2B,73.24361548741848
847.0,Jackson Kowar,RP,76.16254960008115
848.0,Alex Call,OF,79.82974582063721
849.0,Clayton Kershaw,SP,137.6587635985693
850.0,Jarred Kelenic,OF,79.13463896313472
851.0,Daniel Bard,RP,74.69554582120104
852.0,Dillon Tate,RP,74.1455122227117
853.0,Alex Cobb,SP,135.89985094874993
854.0,Javier Baez,SS,85.7079660172731
855.0,Matt Barnes,RP,73.09424400708947
856.0,Jared Triolo,2B/3B,64.1957256018454
857.0,Tyler Black,DH,106.81561712996412
858.0,Eguy Rosario,3B,77.24461300129639
859.0,Matt Bowman,RP,72.10566409225635
860.0,Graham Ashcraft,RP,71.52949088507926
861.0,Colin Selby,RP,71.11715568243702
862.0,Tom Cosgrove,RP,71.03701738532958
863.0,Sean Newcomb,RP,70.98360306049545
864.0,Tyler Gilbert,RP,70.90764923814844
865.0,Steven Okert,RP,70.75957791718791
866.0,Keider Montero,RP,70.12753484731198
867.0,Tyler Wade,2B/3B/OF/SS,60.817335734943015
868.0,Rafael Montero,RP,69.6070221048673
869.0,Bryse Wilson,SP,132.14356558881346
870.0,Ezequiel Duran,3B/OF,68.38974924076487
871.0,Dan Altavilla,RP,68.92913752318022
872.0,Kevin Pillar,OF,72.98837470906692
873.0,Brooks Baldwin,2B,64.98823518628882
874.0,Enyel De Los Santos,RP,68.42804783231165
875.0,Anthony Molina,RP,67.99488139533578
876.0,Gerson Garabito,RP,67.84856018380853
877.0,Jacob Lopez,RP,67.81424064446037
878.0,Ryan Webb,RP,67.5006473836276
879.0,Sean Bouchard,OF,71.44127410510995
880.0,Noelvi Marte,3B,72.16160272893775
881.0,Will Benson,OF,70.48774744143806
882.0,Andy Ibanez,2B,62.40537320931284
883.0,Grant McCray,OF,70.2067628050096
884.0,Blaze Alexander,SS,78.58953927522529
885.0,Drew Thorpe,SP,128.47469009127903
886.0,Trent Grisham,OF,69.76996907105797
887.0,Paul DeJong,3B/SS,65.34952873085584
888.0,Tyler Matzek,RP,65.1506417604391
889.0,Tim Mayza,RP,64.60377783018649
890.0,Donovan Solano,1B/3B,64.52248215612937
891.0,Ramon Laureano,OF,67.92311881470637
892.0,Taylor Clarke,RP,63.54071970777774
893.0,Jacob Stallings,C,46.7382072829122
894.0,Drew Romo,C,46.703314294334994
895.0,Shintaro Fujinami,RP,63.09743132751285
896.0,Michael Mercado,RP,62.84363473017076
897.0,Antonio Senzatela,SP,125.30353446908028
898.0,Yoendrys Gomez,RP,62.44023357424294
899.0,Cam Booser,RP,62.356260414866384
900.0,Matt Waldron,SP,124.8493366728597
901.0,Derek Hill,OF,66.0377099104222
902.0,Cody Poteet,RP,61.81544145225333
903.0,Luis Urias,2B/3B,52.8749965492084
904.0,Diego Castillo,RP,61.45064326032756
905.0,Dairon Blanco,OF,65.44283696550266
906.0,Angel Martinez,OF,65.14285241688697
907.0,Zach McKinstry,3B/OF/SS,60.10637720258202
908.0,Michael Siani,OF,65.04711483807701
909.0,Yan Gomes,C,44.43648958085827
910.0,Chris Devenski,RP,60.353670317864086
911.0,Tommy Henry,RP,60.30495146676606
912.0,Cade Povich,SP,122.93893995381865
913.0,Nathan Lukes,OF,64.37928412180563
914.0,Amos Willingham,RP,60.03787458835415
915.0,Joe Ross,SP,122.571550227856
916.0,Riley Adams,C,43.28266384303752
917.0,Scott Blewett,RP,59.4612893996616
918.0,Matt Duffy,2B/3B,50.66290778729907
919.0,Grant Anderson,RP,59.19121213824997
920.0,Max Kranick,RP,58.7180968632425
921.0,Kyle Nelson,RP,58.12313149655988
922.0,Anthony Rendon,3B,62.78006196389222
923.0,Ronny Henriquez,RP,57.07468106469041
924.0,Caleb Kilian,RP,57.0371484946831
925.0,Taylor Walls,SS,69.59033034671269
926.0,Brusdar Graterol,RP,56.95755640968102
927.0,Trevor Gott,RP,56.93100702720222
928.0,Huascar Ynoa,RP,56.91888338120037
929.0,Rob Zastryzny,RP,56.78390010087352
930.0,Rob Refsnyder,OF,60.70182894607472
931.0,Luke Maile,C,39.899579184658094
932.0,Triston McKenzie,SP,118.1847715930276
933.0,Austin Slater,OF,59.27811676804559
934.0,Travis Jankowski,OF,58.83400840120742
935.0,Michael Petersen,RP,54.50520293481754
936.0,Michael A. Taylor,OF,58.55380003853588
937.0,Justin Wrobleski,RP,54.32344942105364
938.0,Brett Baty,3B,59.2780972648025
939.0,Gavin Sheets,1B/OF,53.39971365665424
940.0,Jon Singleton,1B,66.85729552586848
941.0,Daniel Schneemann,OF/SS,53.1954541427083
942.0,Andruw Monasterio,2B/3B,45.07078920533489
943.0,Josh Staumont,RP,53.56909622558205
944.0,Lyon Richardson,RP,52.884478714904986
945.0,Deivi Garcia,RP,52.85910631668046
946.0,Taijuan Walker,SP,115.38008356318684
947.0,Hunter Stratton,RP,52.63874005894291
948.0,Roddery Munoz,RP,52.56125708317862
949.0,Bryan Shaw,RP,52.29603626866103
950.0,Brett de Geus,RP,51.16751444830014
951.0,Edmundo Sosa,2B/3B/SS,42.26571992449845
952.0,Joey Gallo,1B,62.81041674562176
953.0,Joan Adon,RP,49.0902476416888
954.0,Casey Lawrence,RP,48.65061027571142
955.0,Scott McGough,RP,48.6202689634027
956.0,Ryan Bliss,2B,44.82290254891266
957.0,Easton Lucas,RP,48.086070647072894
958.0,Henry Davis,C,31.619046507351896
959.0,Tyler Zuber,RP,47.88389979598149
960.0,Michael Kelly,RP,47.606462538001786
961.0,Kyle Tyler,RP,47.44855269856417
962.0,David Hamilton,2B/SS,38.44422301873733
963.0,Eric Haase,C,30.79261072450002
964.0,Austin Barnes,C,30.53542478710177
965.0,Colten Brewer,RP,46.83897179372832
966.0,Matt Gage,RP,46.69253210880505
967.0,Austin Warren,RP,46.40585619233752
968.0,Alex Jackson,C,29.947380710376617
969.0,Oliver Dunn,3B,51.30641379252295
970.0,Connor Phillips,RP,46.288601655532055
971.0,AJ Smith-Shawver,SP,108.90671782226244
972.0,Jay Jackson,RP,46.24584994187387
973.0,Roansy Contreras,RP,46.06990473240271
974.0,Kyle McCann,C,29.277344099021647
975.0,Nick Senzel,3B,50.64791242233412
976.0,Blake Sabol,C/OF,9.180021473419371
977.0,Jason Delay,C,28.68895699142596
978.0,Kyle Hart,SP,107.52104248980022
979.0,Andrew Moore,RP,44.767889033417866
980.0,Vidal Brujan,2B,40.96143709489795
981.0,Keynan Middleton,RP,44.662659531849705
982.0,Aledmys Diaz,3B/SS,44.613135274787226
983.0,Brent Headrick,RP,44.164580435720445
984.0,J.P. France,RP,44.11645502599181
985.0,Ethan Roberts,RP,43.98190652985742
986.0,Matt Thaiss,C,27.198565217829
987.0,Cristian Javier,RP,43.56131114628469
988.0,Chad Kuhl,RP,41.79217674568914
989.0,Stuart Fairchild,OF,45.86889200849617
990.0,Bennett Sousa,RP,41.705728801574935
991.0,Joe Jacques,RP,41.62111455944192
992.0,Valente Bellozo,SP,104.18218873913048
993.0,Oscar Colas,OF,45.63296035856117
994.0,Guillo Zuniga,RP,41.36822471626828
995.0,Luis Guillorme,2B,37.529625075142825
996.0,Ryan Borucki,RP,40.91994198234963
997.0,Landen Roupp,SP,103.48267834080234
998.0,Weston Wilson,OF,44.6814639196274
999.0,Yohan Ramirez,RP,40.28529403276266
1000.0,Matt Mervis,DH,73.00705562344024
1001.0,Ronny Mauricio,2B,35.028737521825406
1002.0,Tomas Nido,C,22.16539788736008
1003.0,Brett Sullivan,C,22.02311490487695
1004.0,Bailey Horn,RP,38.415847317734006
1005.0,Tejay Antone,RP,38.29394990844798
1006.0,Tyler Freeman,OF,41.920755885721256
1007.0,Josh Walker,RP,37.65189879333938
1008.0,Romy Gonzalez,1B/2B/SS,28.702205656854296
1009.0,Stone Garrett,OF,41.21721010158119
1010.0,Jose Herrera,C,20.608126661497295
1011.0,Joey Loperfido,OF,40.90342013097604
1012.0,Gavin Hollowell,RP,36.21546929806144
1013.0,Curt Casali,C,19.70724314802166
1014.0,Chadwick Tromp,C,19.25155289202177
1015.0,Jack Suwinski,OF,39.6758697994951
1016.0,Reese McGuire,C,18.86719581648472
1017.0,Joey Wendle,3B,40.10272277929429
1018.0,Justyn-Henry Malloy,OF,38.68775539268728
1019.0,Adam Cimber,RP,34.17730868578967
1020.0,J.D. Davis,1B/3B,33.7064114181028
1021.0,Austin Martin,OF,37.547163534138654
1022.0,Nick Madrigal,2B/3B,24.53546962708064
1023.0,Eric Wagaman,1B,45.89348769580352
1024.0,Drew Millas,C,16.566720979202525
1025.0,Esteury Ruiz,OF,36.80307321842401
1026.0,Drew Rom,RP,32.633240235029064
1027.0,Sam Huff,C,15.918987693923992
1028.0,Garrett Stubbs,C,15.90186927403302
1029.0,Austin Wynns,C,15.593158340059562
1030.0,Thaddeus Ward,RP,31.89494103978832
1031.0,Dominic Canzone,OF,35.96676593189363
1032.0,Bryce Elder,SP,94.05679210561398
1033.0,Marco Luciano,SS,43.94586650976047
1034.0,Cavan Biggio,1B/2B/3B/OF,22.3217194022181
1035.0,Juan Yepez,1B,43.541873487442686
1036.0,Nicky Lopez,2B/SS,22.023630676472884
1037.0,Adam Mazur,SP,93.4591447926117
1038.0,Nick Nastrini,SP,92.4877219480633
1039.0,Martin Maldonado,C,12.839493600838084
1040.0,Dakota Hudson,RP,28.816912043699723
1041.0,Bobby Miller,SP,90.646237110004
1042.0,Ryan Miller,RP,27.97536190453161
1043.0,Omar Narvaez,C,11.395631270275
1044.0,Brett Harris,3B,32.603971680341544
1045.0,Chuckie Robinson,C,10.718938238431909
1046.0,John Curtiss,RP,27.062789527049983
1047.0,Curtis Mead,2B,22.93491461018754
1048.0,Mason Black,SP,89.22025913470787
1049.0,Emerson Hancock,SP,88.35497171787482
1050.0,Sam Hentges,RP,25.650022138686843
1051.0,Gabriel Arias,3B,30.57717999823112
1052.0,Ray Kerr,RP,25.555183972505
1053.0,Davis Daniel,RP,25.48043264710494
1054.0,Rene Pinto,C,8.756751259268365
1055.0,Max Stassi,C,8.025978905852131
1056.0,Cal Stevenson,OF,28.457115611974665
1057.0,Seby Zavala,C,7.206718948485204
1058.0,Brian Serven,C,6.743599001527213
1059.0,Drew Waters,OF,27.154626323889325
1060.0,Vaughn Grissom,2B,18.920476715574416
1061.0,Jake Bauers,1B,35.03438967529785
1062.0,DJ Stewart,OF,26.296841295088285
1063.0,Dylan Carlson,OF,25.949571988602816
1064.0,Leo Jimenez,2B/SS,12.866307425946838
1065.0,Trevor Rogers,SP,84.25163510004123
1066.0,Dylan Coleman,RP,21.096755822965225
1067.0,Bryan Ramos,3B,25.9420139785107
1068.0,Cole Winn,RP,20.68620249004337
1069.0,Nick Ahmed,SS,33.21146148454324
1070.0,Jonatan Clase,OF,24.65894556410791
1071.0,Tucker Barnhart,C,3.8119839521812913
1072.0,Abraham Toro,3B,24.91586170238388
1073.0,Everson Pereira,OF,23.999938635886195
1074.0,Jose Fermin,2B,16.052319557856038
1075.0,Ildemaro Vargas,2B/3B,10.98193169219569
1076.0,Ben Rice,1B,32.435877485914844
1077.0,Eli White,OF,23.73469696076121
1078.0,Miguel Sano,3B,24.53972551197244
1079.0,Caden Dana,SP,81.60562813799153
1080.0,Jose Cuas,RP,18.75460902742304
1081.0,Austin Hedges,C,2.1872116338696057
1082.0,Casey Schmitt,2B,14.705639469561303
1083.0,Alan Busenitz,RP,17.83088274490293
1084.0,Leo Rivas,SS,30.006804303320173
1085.0,Garrett Hampson,2B/OF/SS,8.317891148863632
1086.0,Alika Williams,2B/SS,7.772961110654498
1087.0,Zack Short,2B/3B/SS,7.460028514679527
1088.0,Nick Maton,2B/3B,7.372830648458837
1089.0,Matt Manning,SP,78.60640928340474
1090.0,Nick Allen,SS,27.59191071061838
1091.0,Nick Sogard,2B,11.136991966409012
1092.0,Dominic Fletcher,OF,18.71464092497372
1093.0,Enmanuel Valdez,2B,10.34689852563595
1094.0,Elvin Rodriguez,RP,13.52138138352488
1095.0,Mike Brosseau,3B,18.153793028765424
1096.0,Myles Straw,OF,17.22765491153003
1097.0,Oscar Gonzalez,OF,17.168682961845693
1098.0,James Outman,OF,16.320991746231456
1099.0,Aaron Schunk,2B,7.9572851698915485
1100.0,Kyren Paris,2B,7.341572131360614
1101.0,Kody Clemens,1B/3B,11.059262627960807
1102.0,Luke Williams,SS,23.366850460920396
1103.0,Zach Dezenzo,1B,22.681093910134813
1104.0,Emmanuel Rivera,1B/3B,9.704483685945943
1105.0,Tim Anderson,SS,22.25817820325166
1106.0,Edward Olivares,OF,12.674018487392464
1107.0,Austin Shenton,1B,21.03762350899574
1108.0,Scott Kingery,SS,20.468751910495985
1109.0,Rece Hinds,OF,11.430327452487228
1110.0,Zach DeLoach,OF,10.7561336795688
1111.0,Garrett Cooper,1B,18.76352235596736
1112.0,Trey Cabbage,OF,10.17733278499863
1113.0,Daz Cameron,OF,9.831319838014416
1114.0,Cade Marlowe,OF,9.180509174352776
1115.0,Miles Mastrobuoni,3B,9.678597900309692
1116.0,Matt Carpenter,DH,38.312549299886975
1117.0,Bryce Johnson,OF,8.409009550711822
1118.0,Jacob Hurtubise,OF,8.266257156668498
1119.0,Bobby Dalbec,1B/3B,3.9018044948012
1120.0,David Bote,3B,8.721669668236428
1121.0,Corey Julks,OF,7.778776823608955
1122.0,Cooper Hummel,OF,7.6297901196034035
1123.0,Ji Hwan Bae,OF,7.304539037642929
1124.0,Buddy Kennedy,3B,7.934566798955488
1125.0,Richard Fitts,SP,65.40251651560396
1126.0,Daniel Vogelbach,DH,35.76249357358622
1127.0,Nasim Nunez,SS,13.843262384996246
1128.0,Liover Peguero,SS,13.70575254285148
1129.0,Keston Hiura,1B,13.34218403449998
1130.0,Niko Kavadas,1B,12.22533398168422
1131.0,Wade Meckler,OF,2.8768885898257994
1132.0,Nick Pratto,1B,11.405901238593929
1133.0,Osleivis Basabe,SS,8.573411265457107
1134.0,Ryan Noda,1B,8.5715123822235
1135.0,Livan Soto,SS,8.43129202654696
1136.0,Noah Syndergaard,SP,57.91767189832882
1137.0,Cooper Criswell,SP,57.57221054003028
1138.0,Jacob Amaya,SS,7.185655546626987
1139.0,Ryan Kreidler,SS,6.991219109458763
1140.0,Braden Shewmake,SS,5.848745396758972
1141.0,Darick Hall,1B,5.727069429156061
1142.0,Mason McCoy,SS,4.055071718316193
1143.0,Joey Lucchesi,SP,54.03405740230719
1144.0,Luken Baker,DH,24.73871211479056
1145.0,Andres Chaparro,DH,21.74641702602546
1146.0,Bradley Blalock,SP,47.50456432407931
1147.0,Patrick Corbin,SP,45.355867921904455
1148.0,Carlos Carrasco,SP,41.12337126448797
1149.0,Carlos Rodriguez,SP,39.29067018300629
1150.0,Dom Nunez,DH,5.866646316823496
1151.0,Patrick Sandoval,SP,30.81347244084716
1152.0,Janson Junk,SP,29.73554092051165
1153.0,Logan Allen,SP/SP/SP/SP,22.649801800746584
1154.0,Sam Aldegheri,SP,16.57051559337083
1155.0,Josiah Gray,SP,14.095348629785942
1156.0,Jhonathan Diaz,SP,7.58325027778723
1157.0,Ky Bush,SP,5.456421712701894
